INSERT INTO Types(LibelleType, Taxe)
	VALUES ('Cosmétique', 0.2);
	
INSERT INTO Types(LibelleType, Taxe)
	VALUES ('Bien-être', 0.15);

INSERT INTO Types(LibelleType, Taxe)
	VALUES ('Entretien', 0.2);

INSERT INTO Produits(IdProd, NomProd, PrixHT, QuantiteStock, LibelleType)
	VALUES (12345671, 
			'Huile végétale de Jojoba bio',
			5.99, 
			15,
			'Cosmétique');
			
INSERT INTO Produits(IdProd, NomProd, PrixHT, QuantiteStock, LibelleType)
	VALUES (12345672, 
			'Huile végétale d\'Avocat 100% origine naturelle',
			4.50, 
			20,
			'Cosmétique');
			
INSERT INTO Produits(IdProd, NomProd, PrixHT, QuantiteStock, LibelleType)
	VALUES (12345673, 
			'Huile pure Argan Bio - Grand format',
			13.80, 
			5,
			'Cosmétique');
			
INSERT INTO Produits(IdProd, NomProd, PrixHT, QuantiteStock, LibelleType)
	VALUES (12345674, 
			'Huile pure Argan Bio',
			7.20, 
			18,
			'Cosmétique');
			
INSERT INTO Produits(IdProd, NomProd, PrixHT, QuantiteStock, LibelleType)
	VALUES (12345675, 
			'Huile Végétale Coco Bio',
			3.20, 
			40,
			'Cosmétique');

INSERT INTO Produits(IdProd, NomProd, PrixHT, QuantiteStock, LibelleType)
	VALUES (12345676, 
			'Huile Végétale Ricin Bio',
			8.10, 
			30,
			'Cosmétique');
			
INSERT INTO Produits(IdProd, NomProd, PrixHT, QuantiteStock, LibelleType)
	VALUES (12345677, 
			'Huile Végétale Olive et Argan bio',
			6.05,
			12,
			'Cosmétique');
			
INSERT INTO Produits(IdProd, NomProd, PrixHT, QuantiteStock, LibelleType)
	VALUES (12345678, 
			'Huile Végétale de Baobab bio',
			9.85,
			8,
			'Cosmétique');
			
INSERT INTO Produits(IdProd, NomProd, PrixHT, QuantiteStock, LibelleType)
	VALUES (12345679, 
			'Huile Végétale Carotte bio',
			4.95,
			26,
			'Cosmétique');
			
INSERT INTO Produits(IdProd, NomProd, PrixHT, QuantiteStock, LibelleType)
	VALUES (12345611, 
			'Gel-crème hydratant anti-imperfections',
			5.95,
			25,
			'Cosmétique');

INSERT INTO Produits(IdProd, NomProd, PrixHT, QuantiteStock, LibelleType)
	VALUES (12345612, 
			'Gel nettoyant anti-imperfections',
			5.10,
			21,
			'Cosmétique');

INSERT INTO Produits(IdProd, NomProd, PrixHT, QuantiteStock, LibelleType)
	VALUES (12345613, 
			'Gel exfoliant anti-imperfections',
			4.95,
			14,
			'Cosmétique');

INSERT INTO Produits(IdProd, NomProd, PrixHT, QuantiteStock, LibelleType)
	VALUES (12345614, 
			'Masque charbon purifiant',
			5.85,
			18,
			'Cosmétique');

INSERT INTO Produits(IdProd, NomProd, PrixHT, QuantiteStock, LibelleType)
	VALUES (12345615, 
			'Masque Argile détoxifiant',
			5.95,
			21,
			'Cosmétique');
			
INSERT INTO Produits(IdProd, NomProd, PrixHT, QuantiteStock, LibelleType)
	VALUES (12345616, 
			'Crème hydratante bonne mine',
			6.99,
			13,
			'Cosmétique');
			
INSERT INTO Produits(IdProd, NomProd, PrixHT, QuantiteStock, LibelleType)
	VALUES (12345617, 
			'Crème anti-âge jour',
			11.65,
			8,
			'Cosmétique');
			
INSERT INTO Produits(IdProd, NomProd, PrixHT, QuantiteStock, LibelleType)
	VALUES (12345618, 
			'Gelée de nuit anti-âge',
			8.00,
			16,
			'Cosmétique');
			
INSERT INTO Produits(IdProd, NomProd, PrixHT, QuantiteStock, LibelleType)
	VALUES (12345619, 
			'Sérum fermeté anti-âge',
			8.00,
			16,
			'Cosmétique');

INSERT INTO Produits(IdProd, NomProd, PrixHT, QuantiteStock, LibelleType)
	VALUES (12345620, 
			'Contour yeux et lèvres anti-âge',
			8.10,
			13,
			'Cosmétique');
			
INSERT INTO Produits(IdProd, NomProd, PrixHT, QuantiteStock, LibelleType)
	VALUES (12345621, 
			'Sérum éclat anti-âge Bio',
			11.75,
			9,
			'Cosmétique');
			
INSERT INTO Produits(IdProd, NomProd, PrixHT, QuantiteStock, LibelleType)
	VALUES (12345622, 
			'Sérum éclat anti-âge Bio',
			11.75,
			9,
			'Cosmétique');
			
INSERT INTO Produits(IdProd, NomProd, PrixHT, QuantiteStock, LibelleType)
	VALUES (45678910, 
			'Gélule végétale mélisse relax',
			5.20,
			20,
			'Bien-être');
			
INSERT INTO Produits(IdProd, NomProd, PrixHT, QuantiteStock, LibelleType)
	VALUES (45678911, 
			'Gélule végétale Stress Control bio',
			6.30,
			20,
			'Bien-être');

INSERT INTO Produits(IdProd, NomProd, PrixHT, QuantiteStock, LibelleType)
	VALUES (45678912, 
			'Infusion Sommeil Réparateur bio',
			1.95,
			25,
			'Bien-être');

INSERT INTO Produits(IdProd, NomProd, PrixHT, QuantiteStock, LibelleType)
	VALUES (45678913, 
			'Infusion Stress Control bio',
			1.95,
			24,
			'Bien-être');

INSERT INTO Produits(IdProd, NomProd, PrixHT, QuantiteStock, LibelleType)
	VALUES (45678914, 
			'Compte gouttes Sommeil détente',
			8.85,
			15,
			'Bien-être');

INSERT INTO Produits(IdProd, NomProd, PrixHT, QuantiteStock, LibelleType)
	VALUES (45678915, 
			'Gélules propolis immunité',
			4.95,
			18,
			'Bien-être');
			
INSERT INTO Produits(IdProd, NomProd, PrixHT, QuantiteStock, LibelleType)
	VALUES (45678916, 
			'Gélules végétales Cheveux Ongles et Peau',
			9.75,
			12,
			'Bien-être');
			
INSERT INTO Produits(IdProd, NomProd, PrixHT, QuantiteStock, LibelleType)
	VALUES (45678917, 
			'Gélules jambes légères Vigne rouge/cassis bio',
			4.95,
			18,
			'Bien-être');
			
INSERT INTO Produits(IdProd, NomProd, PrixHT, QuantiteStock, LibelleType)
	VALUES (45678918, 
			'Thé tuocha Détox bio',
			1.95,
			25,
			'Bien-être');
			
INSERT INTO Produits(IdProd, NomProd, PrixHT, QuantiteStock, LibelleType)
	VALUES (45678919, 
			'Thé Brûle Graisses bio',
			1.95,
			25,
			'Bien-être');

INSERT INTO Produits(IdProd, NomProd, PrixHT, QuantiteStock, LibelleType)
	VALUES (45678920, 
			'Thé Aide Minceur bio',
			1.95,
			25,
			'Bien-être');
			
INSERT INTO Produits(IdProd, NomProd, PrixHT, QuantiteStock, LibelleType)
	VALUES (45678921, 
			'Thé energy booster',
			1.95,
			25,
			'Bien-être');
			
INSERT INTO Produits(IdProd, NomProd, PrixHT, QuantiteStock, LibelleType)
	VALUES (45678922, 
			'Infusion Draineur Intense bio',
			2.05,
			25,
			'Bien-être');

INSERT INTO Produits(IdProd, NomProd, PrixHT, QuantiteStock, LibelleType)
	VALUES (45678923, 
			'Infusion Jambes légères bio',
			2.05,
			25,
			'Bien-être');
			
INSERT INTO Produits(IdProd, NomProd, PrixHT, QuantiteStock, LibelleType)
	VALUES (45678924, 
			'Infusion Sommeil Réparateur bio',
			2.05,
			25,
			'Bien-être');

INSERT INTO Produits(IdProd, NomProd, PrixHT, QuantiteStock, LibelleType)
	VALUES (45678925, 
			'Infusion Détox Foie bio',
			2.05,
			25,
			'Bien-être');
			
INSERT INTO Produits(IdProd, NomProd, PrixHT, QuantiteStock, LibelleType)
	VALUES (78912340, 
			'Savon noir liquide à l\'huile de lin',
			2.95,
			20,
			'Entretien');

INSERT INTO Produits(IdProd, NomProd, PrixHT, QuantiteStock, LibelleType)
	VALUES (78912341, 
			'Vinaigre ménager 12°',
			1.75,
			20,
			'Entretien');

INSERT INTO Produits(IdProd, NomProd, PrixHT, QuantiteStock, LibelleType)
	VALUES (78912342, 
			'Vinaigre ménager framboise 12°',
			1.95,
			20,
			'Entretien');
			
INSERT INTO Produits(IdProd, NomProd, PrixHT, QuantiteStock, LibelleType)
	VALUES (78912343, 
			'Bicarbonate de soude',
			2.30,
			20,
			'Entretien');
			
INSERT INTO Produits(IdProd, NomProd, PrixHT, QuantiteStock, LibelleType)
	VALUES (78912344, 
			'Cristaux de soude',
			2.30,
			20,
			'Entretien');
			
INSERT INTO Produits(IdProd, NomProd, PrixHT, QuantiteStock, LibelleType)
	VALUES (78912345, 
			'Acide citrique',
			4.30,
			20,
			'Entretien');

INSERT INTO Produits(IdProd, NomProd, PrixHT, QuantiteStock, LibelleType)
	VALUES (78912346, 
			'Pierre d\'argile',
			6.80,
			12,
			'Entretien');

INSERT INTO Produits(IdProd, NomProd, PrixHT, QuantiteStock, LibelleType)
	VALUES (78912347, 
			'Lessive poudre de savon bio',
			6.95,
			15,
			'Entretien');

INSERT INTO Produits(IdProd, NomProd, PrixHT, QuantiteStock, LibelleType)
	VALUES (78912348, 
			'Tablettes lave-vaisselle tout en un',
			6.50,
			17,
			'Entretien');
			
INSERT INTO CodesPostaux(CP, Ville)
	VALUES(17000, 'La Rochelle');

INSERT INTO CodesPostaux(CP, Ville)
	VALUES(17440, 'Aytré');

INSERT INTO CodesPostaux(CP, Ville)
	VALUES(17200, 'Royan');

INSERT INTO CodesPostaux(CP, Ville)
	VALUES(17300, 'Rochefort');

INSERT INTO FraisDePort (PaysRel, FdP)
	VALUES('France', 4.99);
	
INSERT INTO PointsRelais(IdRel, NomRel, NumRueRel, NomRueRel, CPRel, PaysRel)
	VALUES (12345671, 
			'Parashop', 
			28, 
			'Rue Des Merciers', 
			17000, 
			'France');

INSERT INTO PointsRelais(IdRel, NomRel, NumRueRel, NomRueRel, CPRel, PaysRel)
	VALUES (12345672, 
			'COOP', 
			44, 
			'Rue Emile Normandin', 
			17000, 
			'France');

INSERT INTO PointsRelais(IdRel, NomRel, NumRueRel, NomRueRel, CPRel, PaysRel)
	VALUES (12345673, 
			'Chantelle AYTRE', 
			43, 
			'Av Edmond Grasset', 
			17440, 
			'France');

INSERT INTO PointsRelais(IdRel, NomRel, NumRueRel, NomRueRel, CPRel, PaysRel)
	VALUES (12345673, 
			'Chantelle AYTRE', 
			43, 
			'Av Edmond Grasset', 
			17440, 
			'France');

INSERT INTO PointsRelais(IdRel, NomRel, NumRueRel, NomRueRel, CPRel, PaysRel)
	VALUES (12345674, 
			'Le Jardin des Fleurs', 
			2, 
			'Boulevard Albert 1er', 
			17200, 
			'France');

INSERT INTO PointsRelais(IdRel, NomRel, NumRueRel, NomRueRel, CPRel, PaysRel)
	VALUES (12345674, 
			'Le Jardin des Fleurs', 
			2, 
			'Boulevard Albert 1er', 
			17200, 
			'France');
			
INSERT INTO PointsRelais(IdRel, NomRel, NumRueRel, NomRueRel, CPRel, PaysRel)
	VALUES (12345675, 
			'Biomonde', 
			9, 
			'Av William Ponty', 
			17300, 
			'France');